Scenario_ID,Surface,Speed_kmh,Driver,Controller,StopDist_m,StopTime_s,MeanDecel_ms2,MeanSlip,PeakSlip,SlipRMSE,TimeLocked_s,Chatter_MPas,DistReduction_pct
dry_60kmh_step,dry,60,step,No-ABS,20.60,2.28,7.31,0.954,1.000,0.797,1.815,5.79,0.0
dry_60kmh_step,dry,60,step,Rule-Based,19.01,2.08,8.02,0.101,0.551,0.108,0.000,43.62,7.7
dry_60kmh_step,dry,60,step,PID,18.31,1.91,8.71,0.119,0.157,0.070,0.000,2.57,11.1
dry_60kmh_step,dry,60,step,SMC,17.92,1.96,8.50,0.147,0.312,0.081,0.000,95.20,13.0
dry_60kmh_step,dry,60,step,Adaptive,16.94,1.83,9.11,0.166,0.263,0.037,0.000,10.13,17.7
dry_100kmh_step,dry,100,step,No-ABS,54.88,3.76,7.38,0.969,1.000,0.804,3.272,3.27,0.0
dry_100kmh_step,dry,100,step,Rule-Based,49.99,3.41,8.16,0.098,0.894,0.119,0.016,42.76,8.9
dry_100kmh_step,dry,100,step,PID,46.54,3.05,9.10,0.135,0.160,0.056,0.000,1.51,15.2
dry_100kmh_step,dry,100,step,SMC,46.90,3.18,8.72,0.147,0.344,0.079,0.000,95.43,14.5
dry_100kmh_step,dry,100,step,Adaptive,44.08,2.95,9.40,0.168,0.186,0.026,0.000,1.81,19.7
dry_130kmh_step,dry,130,step,No-ABS,91.40,4.87,7.41,0.974,1.000,0.807,4.366,2.47,0.0
dry_130kmh_step,dry,130,step,Rule-Based,82.14,4.37,8.26,0.095,0.928,0.114,0.016,42.53,10.1
dry_130kmh_step,dry,130,step,PID,76.06,3.91,9.24,0.141,0.160,0.050,0.000,1.15,16.8
dry_130kmh_step,dry,130,step,SMC,77.60,4.11,8.79,0.146,0.310,0.077,0.000,95.37,15.1
dry_130kmh_step,dry,130,step,Adaptive,72.77,3.81,9.49,0.168,0.186,0.024,0.000,1.46,20.4
wet_60kmh_step,wet,60,step,No-ABS,26.42,2.97,5.62,0.973,1.000,0.835,2.456,4.38,0.0
wet_60kmh_step,wet,60,step,Rule-Based,22.84,2.60,6.42,0.115,0.613,0.097,0.000,37.71,13.6
wet_60kmh_step,wet,60,step,PID,22.00,2.39,6.97,0.135,0.159,0.034,0.000,1.18,16.7
wet_60kmh_step,wet,60,step,SMC,23.77,2.67,6.24,0.152,0.432,0.101,0.000,94.99,10.0
wet_60kmh_step,wet,60,step,Adaptive,21.38,2.36,7.06,0.144,0.174,0.018,0.000,1.62,19.1
wet_100kmh_step,wet,100,step,No-ABS,71.20,4.92,5.64,0.981,1.000,0.840,4.388,2.48,0.0
wet_100kmh_step,wet,100,step,Rule-Based,60.10,4.22,6.58,0.110,0.770,0.097,0.000,36.63,15.6
wet_100kmh_step,wet,100,step,PID,57.82,3.91,7.11,0.146,0.160,0.027,0.000,0.68,18.8
wet_100kmh_step,wet,100,step,SMC,62.57,4.34,6.40,0.150,0.431,0.094,0.000,94.32,12.1
wet_100kmh_step,wet,100,step,Adaptive,56.73,3.86,7.19,0.144,0.158,0.015,0.000,0.80,20.3
wet_130kmh_step,wet,130,step,No-ABS,119.06,6.39,5.65,0.984,1.000,0.841,5.840,1.87,0.0
wet_130kmh_step,wet,130,step,Rule-Based,99.06,5.40,6.68,0.108,0.768,0.088,0.000,37.00,16.8
wet_130kmh_step,wet,130,step,PID,95.76,5.04,7.16,0.149,0.160,0.025,0.000,0.52,19.6
wet_130kmh_step,wet,130,step,SMC,103.22,5.57,6.48,0.150,0.437,0.090,0.000,93.78,13.3
wet_130kmh_step,wet,130,step,Adaptive,94.33,5.00,7.22,0.145,0.159,0.014,0.000,0.66,20.8
snow_60kmh_step,snow,60,step,No-ABS,61.68,7.08,2.35,0.994,1.000,0.866,6.224,1.78,0.0
snow_60kmh_step,snow,60,step,Rule-Based,52.92,6.32,2.64,0.219,1.000,0.211,0.124,23.43,14.2
snow_60kmh_step,snow,60,step,PID,52.30,9.84,1.69,0.159,0.165,0.029,0.000,0.31,15.2
snow_60kmh_step,snow,60,step,SMC,52.26,6.12,2.72,0.176,0.409,0.104,0.000,73.17,15.3
snow_60kmh_step,snow,60,step,Adaptive,49.73,5.68,2.94,0.100,0.137,0.030,0.000,0.49,19.4
snow_100kmh_step,snow,100,step,No-ABS,169.43,11.88,2.34,0.995,1.000,0.867,10.994,1.01,0.0
snow_100kmh_step,snow,100,step,Rule-Based,139.81,10.15,2.74,0.199,1.000,0.169,0.173,23.71,17.5
snow_100kmh_step,snow,100,step,PID,138.72,14.00,1.98,0.158,0.161,0.029,0.000,0.19,18.1
snow_100kmh_step,snow,100,step,SMC,139.52,9.98,2.78,0.172,0.427,0.089,0.000,72.90,17.7
snow_100kmh_step,snow,100,step,Adaptive,136.02,9.50,2.92,0.100,0.124,0.030,0.000,0.21,19.7
snow_130kmh_step,snow,130,step,No-ABS,281.94,14.00,2.58,0.995,1.000,0.867,13.749,0.81,0.0
snow_130kmh_step,snow,130,step,Rule-Based,233.27,13.05,2.77,0.193,1.000,0.151,0.168,23.54,17.3
snow_130kmh_step,snow,130,step,PID,229.52,14.00,2.58,0.158,0.160,0.029,0.000,0.15,18.6
snow_130kmh_step,snow,130,step,SMC,232.49,12.86,2.81,0.169,0.420,0.081,0.000,72.82,17.5
snow_130kmh_step,snow,130,step,Adaptive,228.62,12.36,2.92,0.100,0.119,0.030,0.000,0.14,18.9
ice_60kmh_step,ice,60,step,No-ABS,118.26,13.68,1.22,0.998,1.000,0.899,12.216,0.91,0.0
ice_60kmh_step,ice,60,step,Rule-Based,106.81,12.76,1.31,0.328,1.000,0.319,0.494,13.22,9.7
ice_60kmh_step,ice,60,step,PID,104.22,17.74,0.94,0.162,0.306,0.068,0.000,0.58,11.9
ice_60kmh_step,ice,60,step,SMC,101.55,11.94,1.40,0.210,0.548,0.143,0.000,48.54,14.1
ice_60kmh_step,ice,60,step,Adaptive,96.77,11.19,1.49,0.085,0.186,0.016,0.000,0.43,18.2
ice_100kmh_step,ice,100,step,No-ABS,326.71,23.00,1.21,0.998,1.000,0.899,21.518,0.52,0.0
ice_100kmh_step,ice,100,step,Rule-Based,286.12,20.75,1.34,0.278,1.000,0.254,0.493,13.64,12.4
ice_100kmh_step,ice,100,step,PID,277.99,25.00,1.11,0.159,0.194,0.060,0.000,0.32,14.9
ice_100kmh_step,ice,100,step,SMC,277.05,19.77,1.40,0.194,0.558,0.119,0.000,48.78,15.2
ice_100kmh_step,ice,100,step,Adaptive,266.64,18.77,1.48,0.085,0.157,0.015,0.000,0.23,18.4
ice_130kmh_step,ice,130,step,No-ABS,533.69,25.00,1.44,0.998,1.000,0.899,24.760,0.45,0.0
ice_130kmh_step,ice,130,step,Rule-Based,475.92,25.00,1.44,0.256,1.000,0.217,0.340,13.76,10.8
ice_130kmh_step,ice,130,step,PID,461.18,25.00,1.44,0.158,0.163,0.060,0.000,0.24,13.6
ice_130kmh_step,ice,130,step,SMC,464.62,25.00,1.44,0.186,0.546,0.108,0.000,48.95,12.9
ice_130kmh_step,ice,130,step,Adaptive,449.37,24.46,1.48,0.085,0.145,0.015,0.000,0.16,15.8
dry_100kmh_ramp,dry,100,ramp,No-ABS,56.71,3.83,7.26,0.912,1.000,0.778,3.113,4.09,0.0
dry_100kmh_ramp,dry,100,ramp,Rule-Based,52.54,3.49,7.96,0.087,0.430,0.103,0.000,41.06,7.4
dry_100kmh_ramp,dry,100,ramp,PID,48.30,3.12,8.91,0.132,0.160,0.062,0.000,2.25,14.8
dry_100kmh_ramp,dry,100,ramp,SMC,49.04,3.27,8.51,0.141,0.310,0.083,0.000,89.82,13.5
dry_100kmh_ramp,dry,100,ramp,Adaptive,46.40,3.04,9.13,0.164,0.199,0.041,0.000,3.39,18.2
wet_100kmh_ramp,wet,100,ramp,No-ABS,72.68,4.97,5.58,0.944,1.000,0.822,4.249,3.12,0.0
wet_100kmh_ramp,wet,100,ramp,Rule-Based,62.04,4.29,6.47,0.116,1.000,0.125,0.048,36.40,14.6
wet_100kmh_ramp,wet,100,ramp,PID,59.27,3.96,7.01,0.144,0.160,0.032,0.000,1.28,18.5
wet_100kmh_ramp,wet,100,ramp,SMC,64.10,4.39,6.32,0.146,0.494,0.094,0.000,91.14,11.8
wet_100kmh_ramp,wet,100,ramp,Adaptive,58.71,3.94,7.06,0.143,0.167,0.026,0.000,1.72,19.2
dry_100kmh_panic,dry,100,panic,No-ABS,55.06,3.77,7.37,0.967,1.000,0.804,3.272,3.42,0.0
dry_100kmh_panic,dry,100,panic,Rule-Based,50.19,3.41,8.14,0.098,0.835,0.119,0.000,42.82,8.9
dry_100kmh_panic,dry,100,panic,PID,46.57,3.05,9.10,0.135,0.160,0.056,0.000,1.53,15.4
dry_100kmh_panic,dry,100,panic,SMC,46.93,3.19,8.72,0.147,0.344,0.079,0.000,95.42,14.8
dry_100kmh_panic,dry,100,panic,Adaptive,44.31,2.96,9.38,0.167,0.186,0.028,0.000,1.99,19.5
wet_100kmh_panic,wet,100,panic,No-ABS,71.39,4.93,5.64,0.979,1.000,0.839,4.388,2.59,0.0
wet_100kmh_panic,wet,100,panic,Rule-Based,59.53,4.20,6.61,0.120,1.000,0.116,0.040,37.51,16.6
wet_100kmh_panic,wet,100,panic,PID,57.85,3.91,7.11,0.145,0.160,0.027,0.000,0.70,19.0
wet_100kmh_panic,wet,100,panic,SMC,62.60,4.34,6.40,0.150,0.431,0.094,0.000,94.32,12.3
wet_100kmh_panic,wet,100,panic,Adaptive,56.95,3.87,7.17,0.144,0.159,0.016,0.000,0.93,20.2
transition_dry_ice_100kmh,transition,100,step,No-ABS,199.89,14.00,1.98,0.992,1.000,0.836,13.711,0.81,0.0
transition_dry_ice_100kmh,transition,100,step,Rule-Based,177.94,14.00,1.98,0.289,1.000,0.237,0.364,15.22,11.0
transition_dry_ice_100kmh,transition,100,step,PID,173.26,14.00,1.98,0.176,0.854,0.094,0.019,1.04,13.3
transition_dry_ice_100kmh,transition,100,step,SMC,168.69,14.00,1.98,0.214,0.993,0.136,0.137,50.58,15.6
transition_dry_ice_100kmh,transition,100,step,Adaptive,157.06,14.00,1.98,0.099,0.674,0.091,0.000,1.06,21.4
transition_wet_dry_100kmh,transition_wet_dry,100,step,No-ABS,60.14,3.97,7.00,0.976,1.000,0.827,3.501,3.08,0.0
transition_wet_dry_100kmh,transition_wet_dry,100,step,Rule-Based,53.43,3.54,7.85,0.095,0.372,0.075,0.000,41.45,11.2
transition_wet_dry_100kmh,transition_wet_dry,100,step,PID,50.62,3.23,8.61,0.130,0.159,0.043,0.000,1.42,15.8
transition_wet_dry_100kmh,transition_wet_dry,100,step,SMC,52.54,3.41,8.14,0.147,0.337,0.077,0.000,94.69,12.6
transition_wet_dry_100kmh,transition_wet_dry,100,step,Adaptive,48.91,3.16,8.79,0.161,0.178,0.022,0.000,2.45,18.7
split_mu_dry_ice_100kmh,dry,100,step,No-ABS,92.14,6.40,4.34,0.986,1.000,0.811,5.754,1.30,0.0
split_mu_dry_ice_100kmh,dry,100,step,Rule-Based,141.29,8.00,3.47,0.129,0.268,0.062,0.000,11.85,-53.3
split_mu_dry_ice_100kmh,dry,100,step,PID,140.20,8.00,3.47,0.093,0.108,0.087,0.000,0.27,-52.2
split_mu_dry_ice_100kmh,dry,100,step,SMC,140.73,8.00,3.47,0.102,0.169,0.079,0.000,30.73,-52.7
split_mu_dry_ice_100kmh,dry,100,step,Adaptive,142.85,8.00,3.47,0.061,0.100,0.119,0.000,0.37,-55.0
